SourceClass,TargetClass,Count
(nonlegato),beam,1
(nonlegato),stem,1
(nonlegato),tie,1
Sforzandoff,T3,1
Sforzandoff,beam,2
Sforzandoff,stem,2
T2,T3,3
T2,beam,7
T2,flag8thDown,1
T2,flag8thUp,7
T2,slur,8
T2,stem,16
T28,beam,2
T28,flag8thDown,1
T28,stem,3
T28,tie,1
T3,T22,1
T3,T3,216
T3,T5,20
T3,T6,26
T3,T7,5
T3,T9,12
T3,articAccentAbove,62
T3,articAccentBelow,35
T3,articMarcatoAbove,5
T3,articStaccatissimoAbove,24
T3,articStaccatoAbove,156
T3,articStaccatoBelow,74
T3,articTenutoAbove,13
T3,articTenutoBelow,5
T3,beam,2943
T3,flag16thDown,14
T3,flag16thUp,10
T3,flag32ndUp,2
T3,flag8thDown,155
T3,flag8thUp,131
T3,slur,930
T3,stem,4547
T3,tie,385
T3,tupletBracket,44
T3,tupletText,13
T4,T3,1
T4,articStaccatoBelow,1
T4,beam,27
T4,flag8thDown,4
T4,slur,8
T4,stem,41
T4,tie,1
T5,articAccentAbove,1
T5,articStaccatoAbove,1
T5,beam,15
T5,flag8thDown,2
T5,flag8thUp,4
T5,slur,5
T5,stem,27
T5,tie,8
T6,T3,7
T6,T5,1
T6,articAccentAbove,6
T6,articStaccatoAbove,3
T6,beam,146
T6,flag16thUp,2
T6,flag8thDown,7
T6,flag8thUp,7
T6,slur,43
T6,stem,212
T6,tie,21
T6,tupletText,2
T7,beam,2
T7,stem,3
T7,tie,4
T9,T3,1
T9,articAccentBelow,1
T9,beam,17
T9,flag16thUp,1
T9,flag8thUp,3
T9,slur,1
T9,stem,25
T9,tie,1
accidentalDoubleFlat,T3,8
accidentalDoubleFlat,articStaccatoAbove,7
accidentalDoubleFlat,beam,57
accidentalDoubleFlat,flag8thDown,6
accidentalDoubleFlat,flag8thUp,3
accidentalDoubleFlat,slur,17
accidentalDoubleFlat,stem,89
accidentalDoubleFlat,tie,6
accidentalDoubleFlat,tupletBracket,10
accidentalDoubleSharp,T3,40
accidentalDoubleSharp,articStaccatissimoAbove,1
accidentalDoubleSharp,articStaccatoAbove,4
accidentalDoubleSharp,articStaccatoBelow,6
accidentalDoubleSharp,beam,169
accidentalDoubleSharp,flag16thDown,1
accidentalDoubleSharp,flag16thUp,1
accidentalDoubleSharp,flag8thDown,4
accidentalDoubleSharp,flag8thUp,6
accidentalDoubleSharp,slur,50
accidentalDoubleSharp,stem,252
accidentalDoubleSharp,tie,13
accidentalDoubleSharp,tupletBracket,10
accidentalFlat,T10,20
accidentalFlat,T11,3
accidentalFlat,T16,4
accidentalFlat,T17,1
accidentalFlat,T20,2
accidentalFlat,T22,5
accidentalFlat,T28,4
accidentalFlat,T3,1207
accidentalFlat,T30,7
accidentalFlat,T4,6
accidentalFlat,T5,38
accidentalFlat,T6,183
accidentalFlat,T7,36
accidentalFlat,T8,1
accidentalFlat,T9,73
accidentalFlat,articAccentAbove,233
accidentalFlat,articAccentBelow,81
accidentalFlat,articMarcatoAbove,84
accidentalFlat,articStaccatissimoAbove,159
accidentalFlat,articStaccatissimoBelow,77
accidentalFlat,articStaccatoAbove,709
accidentalFlat,articStaccatoBelow,456
accidentalFlat,articTenutoAbove,91
accidentalFlat,articTenutoBelow,89
accidentalFlat,beam,14916
accidentalFlat,flag128thDown,1
accidentalFlat,flag16thDown,100
accidentalFlat,flag16thUp,88
accidentalFlat,flag32ndDown,1
accidentalFlat,flag8thDown,816
accidentalFlat,flag8thUp,804
accidentalFlat,slur,4412
accidentalFlat,stem,22563
accidentalFlat,tie,1914
accidentalFlat,tupletBracket,290
accidentalFlat,tupletText,102
accidentalNatural,T10,9
accidentalNatural,T11,2
accidentalNatural,T12,4
accidentalNatural,T13,2
accidentalNatural,T18,4
accidentalNatural,T2,1
accidentalNatural,T20,7
accidentalNatural,T22,4
accidentalNatural,T28,6
accidentalNatural,T3,519
accidentalNatural,T30,4
accidentalNatural,T5,9
accidentalNatural,T6,60
accidentalNatural,T7,15
accidentalNatural,T8,3
accidentalNatural,T9,36
accidentalNatural,articAccentAbove,102
accidentalNatural,articAccentBelow,56
accidentalNatural,articMarcatoAbove,17
accidentalNatural,articMarcatoBelow,1
accidentalNatural,articStaccatissimoAbove,38
accidentalNatural,articStaccatissimoBelow,23
accidentalNatural,articStaccatoAbove,348
accidentalNatural,articStaccatoBelow,241
accidentalNatural,articTenutoAbove,45
accidentalNatural,articTenutoBelow,40
accidentalNatural,beam,6962
accidentalNatural,flag16thDown,34
accidentalNatural,flag16thUp,44
accidentalNatural,flag32ndDown,2
accidentalNatural,flag32ndUp,1
accidentalNatural,flag64thDown,1
accidentalNatural,flag8thDown,362
accidentalNatural,flag8thUp,449
accidentalNatural,slur,2249
accidentalNatural,stem,10734
accidentalNatural,tie,824
accidentalNatural,tupletBracket,176
accidentalNatural,tupletText,62
accidentalSharp,T10,2
accidentalSharp,T11,3
accidentalSharp,T13,1
accidentalSharp,T17,5
accidentalSharp,T18,4
accidentalSharp,T2,3
accidentalSharp,T20,6
accidentalSharp,T25,2
accidentalSharp,T28,2
accidentalSharp,T3,1070
accidentalSharp,T30,8
accidentalSharp,T4,13
accidentalSharp,T5,24
accidentalSharp,T6,223
accidentalSharp,T7,25
accidentalSharp,T9,40
accidentalSharp,articAccentAbove,200
accidentalSharp,articAccentBelow,107
accidentalSharp,articMarcatoAbove,45
accidentalSharp,articMarcatoBelow,3
accidentalSharp,articStaccatissimoAbove,72
accidentalSharp,articStaccatissimoBelow,36
accidentalSharp,articStaccatoAbove,789
accidentalSharp,articStaccatoBelow,443
accidentalSharp,articTenutoAbove,38
accidentalSharp,articTenutoBelow,54
accidentalSharp,beam,15114
accidentalSharp,flag16thDown,118
accidentalSharp,flag16thUp,66
accidentalSharp,flag32ndDown,1
accidentalSharp,flag32ndUp,4
accidentalSharp,flag8thDown,834
accidentalSharp,flag8thUp,952
accidentalSharp,slur,4765
accidentalSharp,stem,23568
accidentalSharp,tie,1933
accidentalSharp,tupletBracket,428
accidentalSharp,tupletText,92
accidentalTripleSharp,articStaccatoAbove,1
accidentalTripleSharp,beam,5
accidentalTripleSharp,slur,1
accidentalTripleSharp,stem,8
articAccentAbove,T28,1
articAccentAbove,T3,20
articAccentAbove,T5,2
articAccentAbove,T6,1
articAccentAbove,T7,1
articAccentAbove,T9,1
articAccentAbove,articAccentAbove,4
articAccentAbove,articAccentBelow,3
articAccentAbove,articMarcatoAbove,1
articAccentAbove,articStaccatissimoAbove,1
articAccentAbove,articStaccatissimoBelow,1
articAccentAbove,articStaccatoAbove,21
articAccentAbove,articStaccatoBelow,4
articAccentAbove,articTenutoBelow,1
articAccentAbove,beam,459
articAccentAbove,flag16thDown,3
articAccentAbove,flag16thUp,4
articAccentAbove,flag8thDown,22
articAccentAbove,flag8thUp,35
articAccentAbove,slur,150
articAccentAbove,stem,665
articAccentAbove,tie,43
articAccentAbove,tupletBracket,2
articAccentAbove,tupletText,6
articAccentBelow,T28,1
articAccentBelow,T3,18
articAccentBelow,T6,7
articAccentBelow,T7,2
articAccentBelow,articAccentAbove,6
articAccentBelow,articAccentBelow,1
articAccentBelow,articMarcatoAbove,1
articAccentBelow,articStaccatissimoAbove,2
articAccentBelow,articStaccatoAbove,17
articAccentBelow,articStaccatoBelow,7
articAccentBelow,beam,332
articAccentBelow,flag16thDown,5
articAccentBelow,flag16thUp,3
articAccentBelow,flag8thDown,17
articAccentBelow,flag8thUp,16
articAccentBelow,slur,120
articAccentBelow,stem,539
articAccentBelow,tie,41
articAccentBelow,tupletBracket,8
articAccentBelow,tupletText,1
articMarcatoAbove,T3,9
articMarcatoAbove,articAccentAbove,7
articMarcatoAbove,articAccentBelow,1
articMarcatoAbove,articStaccatoAbove,9
articMarcatoAbove,articStaccatoBelow,5
articMarcatoAbove,beam,73
articMarcatoAbove,flag16thUp,1
articMarcatoAbove,flag8thDown,2
articMarcatoAbove,flag8thUp,1
articMarcatoAbove,slur,36
articMarcatoAbove,stem,117
articMarcatoAbove,tie,9
articMarcatoAbove,tupletBracket,2
articStaccatissimoAbove,T3,53
articStaccatissimoAbove,T5,1
articStaccatissimoAbove,T6,14
articStaccatissimoAbove,articAccentAbove,8
articStaccatissimoAbove,articAccentBelow,6
articStaccatissimoAbove,articStaccatissimoBelow,3
articStaccatissimoAbove,articStaccatoAbove,9
articStaccatissimoAbove,articStaccatoBelow,17
articStaccatissimoAbove,beam,479
articStaccatissimoAbove,flag16thDown,5
articStaccatissimoAbove,flag16thUp,4
articStaccatissimoAbove,flag8thDown,24
articStaccatissimoAbove,flag8thUp,24
articStaccatissimoAbove,slur,123
articStaccatissimoAbove,stem,753
articStaccatissimoAbove,tie,73
articStaccatissimoAbove,tupletBracket,4
articStaccatissimoBelow,T3,4
articStaccatissimoBelow,T6,3
articStaccatissimoBelow,articAccentAbove,7
articStaccatissimoBelow,articMarcatoBelow,2
articStaccatissimoBelow,articStaccatissimoAbove,3
articStaccatissimoBelow,articStaccatoAbove,8
articStaccatissimoBelow,articStaccatoBelow,8
articStaccatissimoBelow,beam,127
articStaccatissimoBelow,flag16thDown,5
articStaccatissimoBelow,flag16thUp,3
articStaccatissimoBelow,flag8thDown,7
articStaccatissimoBelow,flag8thUp,6
articStaccatissimoBelow,slur,64
articStaccatissimoBelow,stem,222
articStaccatissimoBelow,tie,17
articStaccatissimoBelow,tupletBracket,6
articStaccatissimoBelow,tupletText,3
articStaccatoAbove,T17,12
articStaccatoAbove,T2,6
articStaccatoAbove,T25,11
articStaccatoAbove,T28,5
articStaccatoAbove,T3,437
articStaccatoAbove,T30,6
articStaccatoAbove,T4,3
articStaccatoAbove,T5,18
articStaccatoAbove,T6,54
articStaccatoAbove,T7,1
articStaccatoAbove,T9,4
articStaccatoAbove,articAccentAbove,83
articStaccatoAbove,articAccentBelow,55
articStaccatoAbove,articMarcatoAbove,21
articStaccatoAbove,articMarcatoBelow,4
articStaccatoAbove,articStaccatissimoAbove,22
articStaccatoAbove,articStaccatissimoBelow,31
articStaccatoAbove,articStaccatoAbove,299
articStaccatoAbove,articStaccatoBelow,165
articStaccatoAbove,articTenutoAbove,26
articStaccatoAbove,articTenutoBelow,31
articStaccatoAbove,beam,5537
articStaccatoAbove,flag16thDown,26
articStaccatoAbove,flag16thUp,38
articStaccatoAbove,flag32ndUp,3
articStaccatoAbove,flag8thDown,259
articStaccatoAbove,flag8thUp,335
articStaccatoAbove,slur,1887
articStaccatoAbove,stem,8474
articStaccatoAbove,tie,512
articStaccatoAbove,tupletBracket,166
articStaccatoAbove,tupletText,55
articStaccatoBelow,T12,3
articStaccatoBelow,T28,6
articStaccatoBelow,T3,169
articStaccatoBelow,T30,5
articStaccatoBelow,T5,3
articStaccatoBelow,T6,16
articStaccatoBelow,T7,4
articStaccatoBelow,articAccentAbove,33
articStaccatoBelow,articAccentBelow,21
articStaccatoBelow,articMarcatoAbove,4
articStaccatoBelow,articMarcatoBelow,1
articStaccatoBelow,articStaccatissimoAbove,18
articStaccatoBelow,articStaccatissimoBelow,13
articStaccatoBelow,articStaccatoAbove,106
articStaccatoBelow,articStaccatoBelow,55
articStaccatoBelow,articTenutoAbove,12
articStaccatoBelow,articTenutoBelow,15
articStaccatoBelow,beam,2287
articStaccatoBelow,flag16thDown,13
articStaccatoBelow,flag16thUp,7
articStaccatoBelow,flag8thDown,134
articStaccatoBelow,flag8thUp,159
articStaccatoBelow,slur,685
articStaccatoBelow,stem,3511
articStaccatoBelow,tie,285
articStaccatoBelow,tupletBracket,38
articStaccatoBelow,tupletText,11
articTenutoAbove,T3,5
articTenutoAbove,articAccentAbove,1
articTenutoAbove,articAccentBelow,1
articTenutoAbove,articMarcatoBelow,1
articTenutoAbove,articStaccatoAbove,11
articTenutoAbove,articStaccatoBelow,7
articTenutoAbove,articTenutoAbove,1
articTenutoAbove,beam,138
articTenutoAbove,flag8thDown,8
articTenutoAbove,flag8thUp,3
articTenutoAbove,slur,58
articTenutoAbove,stem,228
articTenutoAbove,tie,13
articTenutoAbove,tupletBracket,4
articTenutoAbove,tupletText,3
articTenutoBelow,T3,2
articTenutoBelow,T6,1
articTenutoBelow,T7,1
articTenutoBelow,articAccentBelow,2
articTenutoBelow,articStaccatoAbove,2
articTenutoBelow,articStaccatoBelow,1
articTenutoBelow,beam,60
articTenutoBelow,flag8thDown,3
articTenutoBelow,flag8thUp,3
articTenutoBelow,slur,13
articTenutoBelow,stem,87
articTenutoBelow,tie,9
articTenutoBelow,tupletText,1
augmentationDot,T16,1
augmentationDot,T3,63
augmentationDot,T5,2
augmentationDot,T6,15
augmentationDot,T9,2
augmentationDot,articAccentAbove,14
augmentationDot,articAccentBelow,10
augmentationDot,articMarcatoAbove,7
augmentationDot,articStaccatissimoAbove,5
augmentationDot,articStaccatissimoBelow,2
augmentationDot,articStaccatoAbove,51
augmentationDot,articStaccatoBelow,49
augmentationDot,articTenutoAbove,7
augmentationDot,articTenutoBelow,12
augmentationDot,beam,1081
augmentationDot,flag16thDown,10
augmentationDot,flag16thUp,8
augmentationDot,flag32ndUp,2
augmentationDot,flag8thDown,44
augmentationDot,flag8thUp,58
augmentationDot,slur,358
augmentationDot,stem,1674
augmentationDot,tie,133
augmentationDot,tupletBracket,30
augmentationDot,tupletText,13
barline,T10,2
barline,T12,1
barline,T14,18
barline,T16,9
barline,T17,3
barline,T18,3
barline,T2,5
barline,T20,3
barline,T22,2
barline,T26,3
barline,T28,7
barline,T3,1405
barline,T30,9
barline,T4,3
barline,T5,23
barline,T6,160
barline,T7,35
barline,T9,101
barline,articAccentAbove,249
barline,articAccentBelow,166
barline,articMarcatoAbove,104
barline,articMarcatoBelow,7
barline,articStaccatissimoAbove,132
barline,articStaccatissimoBelow,92
barline,articStaccatoAbove,1174
barline,articStaccatoBelow,547
barline,articTenutoAbove,87
barline,articTenutoBelow,112
barline,beam,18927
barline,flag16thDown,126
barline,flag16thUp,96
barline,flag32ndDown,19
barline,flag32ndUp,3
barline,flag8thDown,1057
barline,flag8thUp,1043
barline,slur,5845
barline,stem,29410
barline,tie,2412
barline,tupletBracket,566
barline,tupletText,134
beam,T10,17
beam,T11,4
beam,T14,1
beam,T16,6
beam,T17,7
beam,T2,5
beam,T20,3
beam,T22,8
beam,T24,2
beam,T26,4
beam,T28,14
beam,T3,1697
beam,T30,19
beam,T4,3
beam,T5,72
beam,T6,319
beam,T7,33
beam,T9,84
beam,articAccentAbove,327
beam,articAccentBelow,185
beam,articMarcatoAbove,86
beam,articMarcatoBelow,2
beam,articStaccatissimoAbove,172
beam,articStaccatissimoBelow,46
beam,articStaccatoAbove,1489
beam,articStaccatoBelow,769
beam,articTenutoAbove,120
beam,articTenutoBelow,117
beam,beam,25935
beam,flag16thDown,88
beam,flag16thUp,111
beam,flag32ndDown,9
beam,flag32ndUp,4
beam,flag8thDown,1498
beam,flag8thUp,1518
beam,slur,8331
beam,stem,39827
beam,tie,2933
beam,tupletBracket,600
beam,tupletText,149
cClef,T10,1
cClef,T3,92
cClef,T30,1
cClef,T5,1
cClef,T6,9
cClef,T7,4
cClef,T9,7
cClef,articAccentAbove,6
cClef,articAccentBelow,12
cClef,articMarcatoAbove,1
cClef,articStaccatissimoAbove,5
cClef,articStaccatissimoBelow,5
cClef,articStaccatoAbove,59
cClef,articStaccatoBelow,28
cClef,articTenutoAbove,3
cClef,articTenutoBelow,5
cClef,beam,1001
cClef,flag16thDown,3
cClef,flag16thUp,1
cClef,flag8thDown,64
cClef,flag8thUp,75
cClef,slur,294
cClef,stem,1567
cClef,tie,118
cClef,tupletBracket,26
cClef,tupletText,4
dynamicFF,T3,34
dynamicFF,T5,1
dynamicFF,T6,5
dynamicFF,T7,3
dynamicFF,T9,7
dynamicFF,articAccentAbove,8
dynamicFF,articAccentBelow,6
dynamicFF,articStaccatissimoAbove,13
dynamicFF,articStaccatoAbove,23
dynamicFF,articStaccatoBelow,20
dynamicFF,articTenutoAbove,5
dynamicFF,articTenutoBelow,3
dynamicFF,beam,512
dynamicFF,flag16thDown,6
dynamicFF,flag16thUp,2
dynamicFF,flag8thDown,28
dynamicFF,flag8thUp,33
dynamicFF,slur,161
dynamicFF,stem,794
dynamicFF,tie,65
dynamicFF,tupletBracket,2
dynamicFF,tupletText,1
dynamicFFF,T3,19
dynamicFFF,T4,1
dynamicFFF,T6,10
dynamicFFF,T7,2
dynamicFFF,articAccentAbove,3
dynamicFFF,articAccentBelow,5
dynamicFFF,articMarcatoAbove,3
dynamicFFF,articMarcatoBelow,2
dynamicFFF,articStaccatissimoAbove,17
dynamicFFF,articStaccatissimoBelow,3
dynamicFFF,articStaccatoAbove,20
dynamicFFF,articStaccatoBelow,14
dynamicFFF,articTenutoAbove,2
dynamicFFF,articTenutoBelow,2
dynamicFFF,beam,321
dynamicFFF,flag16thDown,1
dynamicFFF,flag16thUp,1
dynamicFFF,flag8thDown,18
dynamicFFF,flag8thUp,16
dynamicFFF,slur,148
dynamicFFF,stem,489
dynamicFFF,tie,22
dynamicFFF,tupletBracket,6
dynamicFFF,tupletText,4
dynamicForte,T3,75
dynamicForte,T5,2
dynamicForte,T6,9
dynamicForte,T9,5
dynamicForte,articAccentAbove,10
dynamicForte,articAccentBelow,5
dynamicForte,articMarcatoAbove,1
dynamicForte,articStaccatissimoBelow,2
dynamicForte,articStaccatoAbove,57
dynamicForte,articStaccatoBelow,40
dynamicForte,articTenutoAbove,2
dynamicForte,articTenutoBelow,6
dynamicForte,beam,921
dynamicForte,flag16thDown,2
dynamicForte,flag32ndDown,1
dynamicForte,flag8thDown,43
dynamicForte,flag8thUp,60
dynamicForte,slur,292
dynamicForte,stem,1437
dynamicForte,tie,117
dynamicForte,tupletBracket,8
dynamicForte,tupletText,5
dynamicFortePiano,T17,2
dynamicFortePiano,T3,4
dynamicFortePiano,T6,1
dynamicFortePiano,articTenutoAbove,1
dynamicFortePiano,articTenutoBelow,1
dynamicFortePiano,beam,42
dynamicFortePiano,flag8thDown,5
dynamicFortePiano,flag8thUp,9
dynamicFortePiano,slur,21
dynamicFortePiano,stem,83
dynamicFortePiano,tie,5
dynamicFortePiano,tupletBracket,4
dynamicForzando,T3,1
dynamicForzando,articAccentAbove,1
dynamicForzando,articStaccatissimoAbove,1
dynamicForzando,beam,14
dynamicForzando,flag8thDown,1
dynamicForzando,slur,7
dynamicForzando,stem,22
dynamicMF,T12,1
dynamicMF,T2,1
dynamicMF,T3,38
dynamicMF,T5,1
dynamicMF,T6,5
dynamicMF,T7,1
dynamicMF,T9,1
dynamicMF,articAccentAbove,2
dynamicMF,articAccentBelow,3
dynamicMF,articMarcatoAbove,1
dynamicMF,articMarcatoBelow,1
dynamicMF,articStaccatissimoAbove,3
dynamicMF,articStaccatoAbove,15
dynamicMF,articStaccatoBelow,22
dynamicMF,articTenutoAbove,1
dynamicMF,articTenutoBelow,4
dynamicMF,beam,438
dynamicMF,flag16thDown,4
dynamicMF,flag16thUp,2
dynamicMF,flag8thDown,18
dynamicMF,flag8thUp,18
dynamicMF,slur,157
dynamicMF,stem,636
dynamicMF,tie,54
dynamicMF,tupletBracket,14
dynamicMF,tupletText,3
dynamicMP,T3,4
dynamicMP,T7,1
dynamicMP,T9,1
dynamicMP,articStaccatissimoAbove,5
dynamicMP,articStaccatoAbove,2
dynamicMP,articStaccatoBelow,1
dynamicMP,articTenutoBelow,1
dynamicMP,beam,67
dynamicMP,flag16thUp,1
dynamicMP,flag8thDown,4
dynamicMP,flag8thUp,3
dynamicMP,slur,12
dynamicMP,stem,97
dynamicMP,tie,9
dynamicMP,tupletBracket,2
dynamicPP,T3,3
dynamicPP,articAccentAbove,6
dynamicPP,articStaccatoAbove,4
dynamicPP,articStaccatoBelow,5
dynamicPP,beam,124
dynamicPP,flag8thDown,7
dynamicPP,flag8thUp,17
dynamicPP,slur,42
dynamicPP,stem,229
dynamicPP,tie,18
dynamicPP,tupletBracket,2
dynamicPPP,beam,10
dynamicPPP,slur,1
dynamicPPP,stem,12
dynamicPPP,tie,3
dynamicPiano,T10,1
dynamicPiano,T11,1
dynamicPiano,T3,54
dynamicPiano,T30,2
dynamicPiano,T5,2
dynamicPiano,T6,11
dynamicPiano,T7,1
dynamicPiano,T9,4
dynamicPiano,articAccentAbove,14
dynamicPiano,articAccentBelow,6
dynamicPiano,articMarcatoAbove,1
dynamicPiano,articMarcatoBelow,1
dynamicPiano,articStaccatissimoAbove,4
dynamicPiano,articStaccatissimoBelow,1
dynamicPiano,articStaccatoAbove,37
dynamicPiano,articStaccatoBelow,40
dynamicPiano,articTenutoAbove,4
dynamicPiano,articTenutoBelow,3
dynamicPiano,beam,886
dynamicPiano,flag16thDown,4
dynamicPiano,flag16thUp,3
dynamicPiano,flag8thDown,57
dynamicPiano,flag8thUp,54
dynamicPiano,slur,263
dynamicPiano,stem,1357
dynamicPiano,tie,107
dynamicPiano,tupletBracket,12
dynamicPiano,tupletText,9
dynamicSforzando1,beam,26
dynamicSforzando1,slur,10
dynamicSforzando1,stem,32
dynamicSforzando1,tie,6
dynamicSforzato,T3,7
dynamicSforzato,articStaccatoAbove,2
dynamicSforzato,articStaccatoBelow,2
dynamicSforzato,beam,73
dynamicSforzato,flag8thDown,8
dynamicSforzato,flag8thUp,9
dynamicSforzato,slur,27
dynamicSforzato,stem,131
dynamicSforzato,tie,13
dynamicSforzatoFF,T3,3
dynamicSforzatoFF,T7,1
dynamicSforzatoFF,articStaccatoAbove,6
dynamicSforzatoFF,articStaccatoBelow,2
dynamicSforzatoFF,articTenutoBelow,1
dynamicSforzatoFF,beam,60
dynamicSforzatoFF,flag16thDown,1
dynamicSforzatoFF,flag8thDown,1
dynamicSforzatoFF,flag8thUp,2
dynamicSforzatoFF,slur,10
dynamicSforzatoFF,stem,81
dynamicSforzatoFF,tie,1
fClef,T10,5
fClef,T11,1
fClef,T3,236
fClef,T30,2
fClef,T4,3
fClef,T5,10
fClef,T6,43
fClef,T7,12
fClef,T9,16
fClef,articAccentAbove,35
fClef,articAccentBelow,26
fClef,articMarcatoAbove,16
fClef,articMarcatoBelow,1
fClef,articStaccatissimoAbove,24
fClef,articStaccatissimoBelow,11
fClef,articStaccatoAbove,152
fClef,articStaccatoBelow,121
fClef,articTenutoAbove,6
fClef,articTenutoBelow,6
fClef,beam,3157
fClef,flag16thDown,14
fClef,flag16thUp,9
fClef,flag8thDown,162
fClef,flag8thUp,203
fClef,slur,983
fClef,stem,4812
fClef,tie,363
fClef,tupletBracket,78
fClef,tupletText,24
fClef8vb,T3,11
fClef8vb,T9,2
fClef8vb,articStaccatissimoBelow,1
fClef8vb,articStaccatoAbove,5
fClef8vb,articStaccatoBelow,5
fClef8vb,articTenutoAbove,1
fClef8vb,articTenutoBelow,1
fClef8vb,beam,111
fClef8vb,flag16thUp,1
fClef8vb,flag8thDown,5
fClef8vb,flag8thUp,5
fClef8vb,slur,29
fClef8vb,stem,162
fClef8vb,tie,8
fClef8vb,tupletBracket,2
flag16thDown,T3,27
flag16thDown,T6,8
flag16thDown,articAccentAbove,7
flag16thDown,articAccentBelow,3
flag16thDown,articMarcatoAbove,4
flag16thDown,articStaccatissimoAbove,1
flag16thDown,articStaccatissimoBelow,1
flag16thDown,articStaccatoAbove,20
flag16thDown,articStaccatoBelow,6
flag16thDown,articTenutoAbove,5
flag16thDown,beam,482
flag16thDown,flag16thDown,1
flag16thDown,flag8thDown,25
flag16thDown,flag8thUp,30
flag16thDown,slur,185
flag16thDown,stem,817
flag16thDown,tie,58
flag16thDown,tupletBracket,2
flag16thDown,tupletText,1
flag16thUp,T16,1
flag16thUp,T17,2
flag16thUp,T24,2
flag16thUp,T26,1
flag16thUp,T28,4
flag16thUp,T29,4
flag16thUp,T3,200
flag16thUp,T5,2
flag16thUp,T6,55
flag16thUp,T7,2
flag16thUp,T9,12
flag16thUp,articAccentAbove,49
flag16thUp,articAccentBelow,19
flag16thUp,articMarcatoAbove,11
flag16thUp,articMarcatoBelow,1
flag16thUp,articStaccatoAbove,168
flag16thUp,articStaccatoBelow,114
flag16thUp,articTenutoAbove,18
flag16thUp,articTenutoBelow,36
flag16thUp,beam,3331
flag16thUp,flag16thDown,27
flag16thUp,flag16thUp,18
flag16thUp,flag32ndDown,2
flag16thUp,flag32ndUp,1
flag16thUp,flag8thDown,216
flag16thUp,flag8thUp,271
flag16thUp,slur,906
flag16thUp,stem,5301
flag16thUp,tie,404
flag16thUp,tupletBracket,46
flag16thUp,tupletText,12
flag32ndUp,T10,1
flag32ndUp,T26,2
flag32ndUp,T3,87
flag32ndUp,T5,6
flag32ndUp,T6,2
flag32ndUp,T9,10
flag32ndUp,articAccentAbove,19
flag32ndUp,articAccentBelow,10
flag32ndUp,articMarcatoAbove,1
flag32ndUp,articStaccatissimoAbove,11
flag32ndUp,articStaccatissimoBelow,7
flag32ndUp,articStaccatoAbove,67
flag32ndUp,articStaccatoBelow,50
flag32ndUp,articTenutoAbove,12
flag32ndUp,articTenutoBelow,12
flag32ndUp,beam,1119
flag32ndUp,flag16thDown,3
flag32ndUp,flag16thUp,2
flag32ndUp,flag32ndUp,1
flag32ndUp,flag8thDown,94
flag32ndUp,flag8thUp,95
flag32ndUp,slur,279
flag32ndUp,stem,1716
flag32ndUp,tie,100
flag32ndUp,tupletBracket,28
flag32ndUp,tupletText,1
flag8thDown,T12,2
flag8thDown,T13,1
flag8thDown,T17,2
flag8thDown,T18,3
flag8thDown,T2,1
flag8thDown,T3,416
flag8thDown,T5,9
flag8thDown,T6,69
flag8thDown,T7,2
flag8thDown,T9,19
flag8thDown,articAccentAbove,86
flag8thDown,articAccentBelow,59
flag8thDown,articMarcatoAbove,35
flag8thDown,articStaccatissimoAbove,40
flag8thDown,articStaccatissimoBelow,19
flag8thDown,articStaccatoAbove,277
flag8thDown,articStaccatoBelow,233
flag8thDown,articTenutoAbove,33
flag8thDown,articTenutoBelow,54
flag8thDown,beam,6269
flag8thDown,flag16thDown,38
flag8thDown,flag16thUp,23
flag8thDown,flag32ndDown,2
flag8thDown,flag32ndUp,3
flag8thDown,flag8thDown,249
flag8thDown,flag8thUp,307
flag8thDown,slur,1951
flag8thDown,stem,9477
flag8thDown,tie,803
flag8thDown,tupletBracket,154
flag8thDown,tupletText,41
flag8thUp,T11,2
flag8thUp,T12,2
flag8thUp,T13,7
flag8thUp,T16,4
flag8thUp,T17,1
flag8thUp,T18,10
flag8thUp,T2,2
flag8thUp,T25,2
flag8thUp,T3,477
flag8thUp,T5,5
flag8thUp,T6,72
flag8thUp,T7,5
flag8thUp,T8,1
flag8thUp,T9,19
flag8thUp,articAccentAbove,104
flag8thUp,articAccentBelow,48
flag8thUp,articMarcatoAbove,25
flag8thUp,articMarcatoBelow,2
flag8thUp,articStaccatissimoAbove,29
flag8thUp,articStaccatissimoBelow,5
flag8thUp,articStaccatoAbove,353
flag8thUp,articStaccatoBelow,233
flag8thUp,articTenutoAbove,50
flag8thUp,articTenutoBelow,43
flag8thUp,beam,7001
flag8thUp,flag16thDown,29
flag8thUp,flag16thUp,21
flag8thUp,flag32ndDown,2
flag8thUp,flag32ndUp,3
flag8thUp,flag8thDown,288
flag8thUp,flag8thUp,318
flag8thUp,slur,2354
flag8thUp,stem,10667
flag8thUp,tie,768
flag8thUp,tupletBracket,184
flag8thUp,tupletText,66
gClef,T10,6
gClef,T11,3
gClef,T14,1
gClef,T20,1
gClef,T24,1
gClef,T28,2
gClef,T3,416
gClef,T30,4
gClef,T4,1
gClef,T5,20
gClef,T6,75
gClef,T7,23
gClef,T9,29
gClef,articAccentAbove,79
gClef,articAccentBelow,36
gClef,articMarcatoAbove,31
gClef,articMarcatoBelow,1
gClef,articStaccatissimoAbove,43
gClef,articStaccatissimoBelow,17
gClef,articStaccatoAbove,294
gClef,articStaccatoBelow,197
gClef,articTenutoAbove,25
gClef,articTenutoBelow,25
gClef,beam,5967
gClef,flag16thDown,38
gClef,flag16thUp,29
gClef,flag32ndUp,3
gClef,flag8thDown,385
gClef,flag8thUp,397
gClef,slur,1810
gClef,stem,9271
gClef,tie,742
gClef,tupletBracket,126
gClef,tupletText,52
gClef8va,T10,1
gClef8va,T3,1
gClef8va,articStaccatoAbove,3
gClef8va,articStaccatoBelow,1
gClef8va,beam,22
gClef8va,flag8thDown,2
gClef8va,flag8thUp,1
gClef8va,slur,5
gClef8va,stem,32
gClef8va,tie,3
gClef8va,tupletBracket,2
gClef8vb,T17,1
gClef8vb,T18,1
gClef8vb,T3,73
gClef8vb,T5,1
gClef8vb,T6,11
gClef8vb,articAccentAbove,14
gClef8vb,articAccentBelow,8
gClef8vb,articMarcatoAbove,2
gClef8vb,articStaccatissimoAbove,3
gClef8vb,articStaccatissimoBelow,4
gClef8vb,articStaccatoAbove,50
gClef8vb,articStaccatoBelow,21
gClef8vb,articTenutoAbove,4
gClef8vb,articTenutoBelow,5
gClef8vb,beam,747
gClef8vb,flag16thDown,3
gClef8vb,flag16thUp,4
gClef8vb,flag8thDown,30
gClef8vb,flag8thUp,41
gClef8vb,slur,305
gClef8vb,stem,1110
gClef8vb,tie,62
gClef8vb,tupletBracket,28
gClef8vb,tupletText,7
gradualDynamic,T3,167
gradualDynamic,T6,9
gradualDynamic,T9,9
gradualDynamic,articAccentAbove,21
gradualDynamic,articAccentBelow,7
gradualDynamic,articMarcatoAbove,2
gradualDynamic,articStaccatissimoAbove,3
gradualDynamic,articStaccatissimoBelow,1
gradualDynamic,articStaccatoAbove,79
gradualDynamic,articStaccatoBelow,41
gradualDynamic,articTenutoAbove,2
gradualDynamic,articTenutoBelow,5
gradualDynamic,beam,1752
gradualDynamic,flag16thUp,3
gradualDynamic,flag8thDown,110
gradualDynamic,flag8thUp,86
gradualDynamic,slur,603
gradualDynamic,stem,2706
gradualDynamic,tie,208
gradualDynamic,tupletBracket,26
gradualDynamic,tupletText,6
kStaffLine,T10,2
kStaffLine,T12,16
kStaffLine,T13,28
kStaffLine,T14,36
kStaffLine,T16,28
kStaffLine,T17,1
kStaffLine,T18,5
kStaffLine,T2,3
kStaffLine,T20,6
kStaffLine,T22,5
kStaffLine,T26,5
kStaffLine,T28,13
kStaffLine,T3,3675
kStaffLine,T30,17
kStaffLine,T4,4
kStaffLine,T5,110
kStaffLine,T6,418
kStaffLine,T7,69
kStaffLine,T9,289
kStaffLine,articAccentAbove,662
kStaffLine,articAccentBelow,395
kStaffLine,articMarcatoAbove,131
kStaffLine,articMarcatoBelow,5
kStaffLine,articStaccatissimoAbove,469
kStaffLine,articStaccatissimoBelow,119
kStaffLine,articStaccatoAbove,3044
kStaffLine,articStaccatoBelow,1768
kStaffLine,articTenutoAbove,287
kStaffLine,articTenutoBelow,350
kStaffLine,beam,57061
kStaffLine,flag16thDown,228
kStaffLine,flag16thUp,204
kStaffLine,flag32ndDown,1
kStaffLine,flag32ndUp,2
kStaffLine,flag8thDown,2892
kStaffLine,flag8thUp,3024
kStaffLine,slur,17413
kStaffLine,stem,86142
kStaffLine,tie,6448
kStaffLine,tupletBracket,1246
kStaffLine,tupletText,354
marc.,beam,3
marc.,slur,2
marc.,stem,3
mensuralNoteheadMinimaWhite,beam,1
mensuralNoteheadMinimaWhite,flag8thDown,1
mensuralNoteheadMinimaWhite,kStaffLine,1
mensuralNoteheadMinimaWhite,noteheadBlack,2
mensuralNoteheadMinimaWhite,noteheadHalf,1
mensuralNoteheadMinimaWhite,noteheadWhole,1
mensuralNoteheadMinimaWhite,restQuarter,1
noteheadBlack,Sforzandoff,19
noteheadBlack,T10,128
noteheadBlack,T11,11
noteheadBlack,T12,7
noteheadBlack,T13,13
noteheadBlack,T14,28
noteheadBlack,T16,65
noteheadBlack,T17,143
noteheadBlack,T18,31
noteheadBlack,T2,72
noteheadBlack,T20,33
noteheadBlack,T22,22
noteheadBlack,T24,33
noteheadBlack,T26,31
noteheadBlack,T28,58
noteheadBlack,T29,13
noteheadBlack,T3,26648
noteheadBlack,T30,16
noteheadBlack,T4,148
noteheadBlack,T5,620
noteheadBlack,T6,3166
noteheadBlack,T7,542
noteheadBlack,T8,18
noteheadBlack,T9,715
noteheadBlack,accidentalDoubleFlat,220
noteheadBlack,accidentalDoubleSharp,429
noteheadBlack,accidentalFlat,46522
noteheadBlack,accidentalNatural,23169
noteheadBlack,accidentalSharp,49333
noteheadBlack,accidentalTripleSharp,2
noteheadBlack,articAccentAbove,3915
noteheadBlack,articAccentBelow,2946
noteheadBlack,articMarcatoAbove,749
noteheadBlack,articMarcatoBelow,28
noteheadBlack,articStaccatissimoAbove,2848
noteheadBlack,articStaccatissimoBelow,1101
noteheadBlack,articStaccatoAbove,29404
noteheadBlack,articStaccatoBelow,13672
noteheadBlack,articTenutoAbove,1244
noteheadBlack,articTenutoBelow,1077
noteheadBlack,augmentationDot,3810
noteheadBlack,barline,63955
noteheadBlack,beam,306056
noteheadBlack,cClef,3197
noteheadBlack,dynamicFF,1651
noteheadBlack,dynamicFFF,998
noteheadBlack,dynamicForte,2893
noteheadBlack,dynamicFortePiano,142
noteheadBlack,dynamicForzando,53
noteheadBlack,dynamicMF,1264
noteheadBlack,dynamicMP,167
noteheadBlack,dynamicPP,452
noteheadBlack,dynamicPPP,25
noteheadBlack,dynamicPiano,2863
noteheadBlack,dynamicSforzando1,56
noteheadBlack,dynamicSforzato,299
noteheadBlack,dynamicSforzatoFF,153
noteheadBlack,fClef,10517
noteheadBlack,fClef8vb,403
noteheadBlack,flag128thDown,1
noteheadBlack,flag16thDown,2617
noteheadBlack,flag16thUp,12889
noteheadBlack,flag256thDown,1
noteheadBlack,flag32ndDown,41
noteheadBlack,flag32ndUp,3725
noteheadBlack,flag8thDown,33039
noteheadBlack,flag8thUp,36533
noteheadBlack,gClef,19565
noteheadBlack,gClef8va,85
noteheadBlack,gClef8vb,2552
noteheadBlack,gradualDynamic,5923
noteheadBlack,kStaffLine,186552
noteheadBlack,marc.,8
noteheadBlack,marcatiss.,1
noteheadBlack,noteheadBlack,507095
noteheadBlack,noteheadHalf,36749
noteheadBlack,noteheadWhole,6230
noteheadBlack,ornamentPrecompAppoggTrill,10
noteheadBlack,ornamentPrecompTrillWithMordent,64
noteheadBlack,ornamentTremblement,13
noteheadBlack,ornamentTrill,560
noteheadBlack,ornamentTurn,135
noteheadBlack,rest,114
noteheadBlack,rest128th,135
noteheadBlack,rest16th,17833
noteheadBlack,rest32nd,5007
noteheadBlack,rest8th,45517
noteheadBlack,restHalf,2873
noteheadBlack,restQuarter,17467
noteheadBlack,restWhole,33415
noteheadBlack,sempre,52
noteheadBlack,sempresim.,97
noteheadBlack,sim.,20
noteheadBlack,slur,95926
noteheadBlack,stem,787285
noteheadBlack,sub.,118
noteheadBlack,systemicBarline,4414
noteheadBlack,tie,49621
noteheadBlack,timeSig1,106
noteheadBlack,timeSig2,1523
noteheadBlack,timeSig3,954
noteheadBlack,timeSig4,1999
noteheadBlack,timeSig5,7
noteheadBlack,timeSig6,332
noteheadBlack,timeSig8,873
noteheadBlack,timeSig9,46
noteheadBlack,timeSigCommon,247
noteheadBlack,tupletBracket,11753
noteheadBlack,tupletText,1192
noteheadBlack,unpitchedPercussionClef1,1881
noteheadBlack,wiggleTrill,4318
noteheadDiamondBlack,T3,8
noteheadDiamondBlack,accidentalNatural,2
noteheadDiamondBlack,barline,1
noteheadDiamondBlack,noteheadBlack,12
noteheadDiamondBlack,stem,6
noteheadDoubleWholeSquare,flag16thUp,1
noteheadDoubleWholeSquare,kStaffLine,1
noteheadDoubleWholeSquare,noteheadBlack,2
noteheadDoubleWholeSquare,rest8th,1
noteheadDoubleWholeSquare,stem,1
noteheadHalf,T10,1
noteheadHalf,T16,2
noteheadHalf,T17,4
noteheadHalf,T18,2
noteheadHalf,T2,9
noteheadHalf,T3,1316
noteheadHalf,T4,3
noteheadHalf,T5,19
noteheadHalf,T6,144
noteheadHalf,T7,28
noteheadHalf,T8,6
noteheadHalf,T9,27
noteheadHalf,accidentalDoubleFlat,6
noteheadHalf,accidentalDoubleSharp,21
noteheadHalf,accidentalFlat,1703
noteheadHalf,accidentalNatural,749
noteheadHalf,accidentalSharp,1927
noteheadHalf,accidentalTripleSharp,1
noteheadHalf,articAccentAbove,258
noteheadHalf,articAccentBelow,248
noteheadHalf,articMarcatoAbove,30
noteheadHalf,articMarcatoBelow,2
noteheadHalf,articStaccatissimoAbove,255
noteheadHalf,articStaccatissimoBelow,96
noteheadHalf,articStaccatoAbove,1374
noteheadHalf,articStaccatoBelow,643
noteheadHalf,articTenutoAbove,63
noteheadHalf,articTenutoBelow,81
noteheadHalf,augmentationDot,115
noteheadHalf,barline,2324
noteheadHalf,beam,16399
noteheadHalf,cClef,138
noteheadHalf,dynamicFF,68
noteheadHalf,dynamicFFF,22
noteheadHalf,dynamicForte,115
noteheadHalf,dynamicFortePiano,3
noteheadHalf,dynamicForzando,5
noteheadHalf,dynamicMF,47
noteheadHalf,dynamicMP,1
noteheadHalf,dynamicPP,27
noteheadHalf,dynamicPPP,1
noteheadHalf,dynamicPiano,118
noteheadHalf,dynamicSforzando1,7
noteheadHalf,dynamicSforzato,11
noteheadHalf,dynamicSforzatoFF,1
noteheadHalf,fClef,375
noteheadHalf,fClef8vb,14
noteheadHalf,flag16thDown,75
noteheadHalf,flag16thUp,446
noteheadHalf,flag32ndUp,161
noteheadHalf,flag8thDown,1331
noteheadHalf,flag8thUp,1387
noteheadHalf,gClef,763
noteheadHalf,gClef8va,2
noteheadHalf,gClef8vb,96
noteheadHalf,gradualDynamic,247
noteheadHalf,kStaffLine,6800
noteheadHalf,marc.,2
noteheadHalf,noteheadBlack,19419
noteheadHalf,noteheadHalf,1361
noteheadHalf,noteheadWhole,213
noteheadHalf,ornamentPrecompAppoggTrill,2
noteheadHalf,ornamentPrecompTrillWithMordent,2
noteheadHalf,ornamentTremblement,1
noteheadHalf,ornamentTrill,31
noteheadHalf,ornamentTurn,5
noteheadHalf,rest,10
noteheadHalf,rest128th,7
noteheadHalf,rest16th,632
noteheadHalf,rest32nd,211
noteheadHalf,rest8th,1449
noteheadHalf,restHalf,102
noteheadHalf,restQuarter,628
noteheadHalf,restWhole,1078
noteheadHalf,sempre,2
noteheadHalf,sempresim.,4
noteheadHalf,sim.,2
noteheadHalf,slur,6237
noteheadHalf,stem,43480
noteheadHalf,sub.,3
noteheadHalf,systemicBarline,146
noteheadHalf,tie,3677
noteheadHalf,timeSig1,7
noteheadHalf,timeSig2,72
noteheadHalf,timeSig3,56
noteheadHalf,timeSig4,95
noteheadHalf,timeSig6,12
noteheadHalf,timeSig8,15
noteheadHalf,timeSig9,3
noteheadHalf,timeSigCommon,18
noteheadHalf,tupletBracket,586
noteheadHalf,tupletText,106
noteheadHalf,unpitchedPercussionClef1,65
noteheadHalf,wiggleTrill,300
noteheadSlashVerticalEnds,T5,1
noteheadSlashVerticalEnds,T6,1
noteheadSlashVerticalEnds,accidentalFlat,17
noteheadSlashVerticalEnds,accidentalNatural,11
noteheadSlashVerticalEnds,accidentalSharp,7
noteheadSlashVerticalEnds,articAccentAbove,2
noteheadSlashVerticalEnds,articAccentBelow,3
noteheadSlashVerticalEnds,articStaccatoAbove,3
noteheadSlashVerticalEnds,augmentationDot,2
noteheadSlashVerticalEnds,barline,48
noteheadSlashVerticalEnds,beam,42
noteheadSlashVerticalEnds,fClef,1
noteheadSlashVerticalEnds,flag16thUp,3
noteheadSlashVerticalEnds,flag8thDown,6
noteheadSlashVerticalEnds,flag8thUp,5
noteheadSlashVerticalEnds,gClef,4
noteheadSlashVerticalEnds,gClef8vb,3
noteheadSlashVerticalEnds,gradualDynamic,13
noteheadSlashVerticalEnds,kStaffLine,132
noteheadSlashVerticalEnds,noteheadBlack,145
noteheadSlashVerticalEnds,noteheadHalf,12
noteheadSlashVerticalEnds,ornamentTrill,2
noteheadSlashVerticalEnds,rest16th,4
noteheadSlashVerticalEnds,rest8th,10
noteheadSlashVerticalEnds,restQuarter,2
noteheadSlashVerticalEnds,restWhole,2
noteheadSlashVerticalEnds,slur,14
noteheadSlashVerticalEnds,stem,147
noteheadSlashVerticalEnds,systemicBarline,7
noteheadSlashVerticalEnds,tie,18
noteheadWhole,T17,5
noteheadWhole,T18,3
noteheadWhole,T3,239
noteheadWhole,T5,13
noteheadWhole,T6,22
noteheadWhole,T7,3
noteheadWhole,T9,2
noteheadWhole,accidentalDoubleSharp,1
noteheadWhole,accidentalFlat,111
noteheadWhole,accidentalNatural,76
noteheadWhole,accidentalSharp,221
noteheadWhole,articAccentAbove,33
noteheadWhole,articAccentBelow,30
noteheadWhole,articMarcatoAbove,8
noteheadWhole,articStaccatissimoAbove,83
noteheadWhole,articStaccatissimoBelow,33
noteheadWhole,articStaccatoAbove,162
noteheadWhole,articStaccatoBelow,100
noteheadWhole,articTenutoAbove,16
noteheadWhole,articTenutoBelow,15
noteheadWhole,augmentationDot,29
noteheadWhole,barline,295
noteheadWhole,beam,2482
noteheadWhole,cClef,9
noteheadWhole,dynamicFF,6
noteheadWhole,dynamicFFF,2
noteheadWhole,dynamicForte,8
noteheadWhole,dynamicMF,7
noteheadWhole,dynamicMP,1
noteheadWhole,dynamicPP,6
noteheadWhole,dynamicPPP,4
noteheadWhole,dynamicPiano,8
noteheadWhole,fClef,28
noteheadWhole,fClef8vb,1
noteheadWhole,flag16thDown,17
noteheadWhole,flag16thUp,61
noteheadWhole,flag32ndUp,12
noteheadWhole,flag8thDown,161
noteheadWhole,flag8thUp,177
noteheadWhole,gClef,63
noteheadWhole,gClef8vb,14
noteheadWhole,gradualDynamic,31
noteheadWhole,kStaffLine,683
noteheadWhole,noteheadBlack,1729
noteheadWhole,noteheadHalf,149
noteheadWhole,noteheadWhole,14
noteheadWhole,ornamentTrill,1
noteheadWhole,ornamentTurn,1
noteheadWhole,rest16th,72
noteheadWhole,rest32nd,21
noteheadWhole,rest8th,211
noteheadWhole,restHalf,11
noteheadWhole,restQuarter,71
noteheadWhole,restWhole,118
noteheadWhole,slur,855
noteheadWhole,stem,4774
noteheadWhole,systemicBarline,17
noteheadWhole,tie,731
noteheadWhole,timeSig2,8
noteheadWhole,timeSig3,1
noteheadWhole,timeSig4,12
noteheadWhole,timeSig8,1
noteheadWhole,tupletBracket,87
noteheadWhole,tupletText,18
noteheadWhole,unpitchedPercussionClef1,3
noteheadWhole,wiggleTrill,10
noteheadXBlack,T3,11
noteheadXBlack,accidentalFlat,27
noteheadXBlack,accidentalNatural,48
noteheadXBlack,accidentalSharp,89
noteheadXBlack,articAccentAbove,1
noteheadXBlack,articAccentBelow,6
noteheadXBlack,articMarcatoAbove,2
noteheadXBlack,articStaccatissimoAbove,4
noteheadXBlack,articStaccatoAbove,30
noteheadXBlack,articStaccatoBelow,10
noteheadXBlack,articTenutoAbove,1
noteheadXBlack,augmentationDot,11
noteheadXBlack,barline,79
noteheadXBlack,beam,188
noteheadXBlack,cClef,3
noteheadXBlack,dynamicFF,5
noteheadXBlack,dynamicFFF,15
noteheadXBlack,dynamicForte,10
noteheadXBlack,dynamicPP,1
noteheadXBlack,dynamicPiano,3
noteheadXBlack,dynamicSforzato,1
noteheadXBlack,fClef,14
noteheadXBlack,fClef8vb,2
noteheadXBlack,flag16thDown,1
noteheadXBlack,flag16thUp,3
noteheadXBlack,flag8thDown,41
noteheadXBlack,flag8thUp,27
noteheadXBlack,gClef,27
noteheadXBlack,gClef8va,1
noteheadXBlack,gClef8vb,4
noteheadXBlack,gradualDynamic,1
noteheadXBlack,kStaffLine,253
noteheadXBlack,noteheadBlack,915
noteheadXBlack,noteheadHalf,68
noteheadXBlack,noteheadWhole,8
noteheadXBlack,ornamentTurn,2
noteheadXBlack,rest16th,9
noteheadXBlack,rest8th,117
noteheadXBlack,restHalf,6
noteheadXBlack,restQuarter,24
noteheadXBlack,restWhole,78
noteheadXBlack,slur,46
noteheadXBlack,stem,807
noteheadXBlack,systemicBarline,7
noteheadXBlack,tie,11
noteheadXBlack,timeSig4,1
noteheadXBlack,unpitchedPercussionClef1,3
noteheadXBlack,wiggleTrill,3
noteheadXHalf,stem,1
ornamentPrecompAppoggTrill,T3,3
ornamentPrecompAppoggTrill,beam,9
ornamentPrecompAppoggTrill,stem,12
ornamentPrecompAppoggTrill,tupletBracket,2
ornamentPrecompTrillWithMordent,T3,3
ornamentPrecompTrillWithMordent,articStaccatoAbove,1
ornamentPrecompTrillWithMordent,articStaccatoBelow,1
ornamentPrecompTrillWithMordent,beam,24
ornamentPrecompTrillWithMordent,flag8thDown,1
ornamentPrecompTrillWithMordent,flag8thUp,1
ornamentPrecompTrillWithMordent,slur,9
ornamentPrecompTrillWithMordent,stem,32
ornamentPrecompTrillWithMordent,tie,1
ornamentPrecompTrillWithMordent,tupletBracket,2
ornamentTremblement,T3,1
ornamentTremblement,T7,1
ornamentTremblement,T9,1
ornamentTremblement,articStaccatoBelow,1
ornamentTremblement,beam,12
ornamentTremblement,flag16thUp,1
ornamentTremblement,slur,2
ornamentTremblement,stem,19
ornamentTremblement,tie,4
ornamentTrill,T3,18
ornamentTrill,T6,1
ornamentTrill,articAccentAbove,2
ornamentTrill,articStaccatoAbove,5
ornamentTrill,articStaccatoBelow,7
ornamentTrill,beam,155
ornamentTrill,flag16thUp,4
ornamentTrill,flag8thDown,3
ornamentTrill,flag8thUp,7
ornamentTrill,slur,92
ornamentTrill,stem,240
ornamentTrill,tie,30
ornamentTrill,tupletBracket,2
ornamentTurn,T3,3
ornamentTurn,T6,1
ornamentTurn,articStaccatissimoBelow,1
ornamentTurn,articStaccatoAbove,4
ornamentTurn,articStaccatoBelow,4
ornamentTurn,articTenutoAbove,1
ornamentTurn,beam,52
ornamentTurn,flag8thDown,3
ornamentTurn,flag8thUp,3
ornamentTurn,slur,19
ornamentTurn,stem,73
rest,T3,5
rest,T9,2
rest,articMarcatoAbove,2
rest,articStaccatissimoAbove,1
rest,articStaccatissimoBelow,2
rest,articStaccatoAbove,1
rest,beam,44
rest,flag8thDown,5
rest,flag8thUp,3
rest,slur,6
rest,stem,72
rest,tie,6
rest128th,T3,6
rest128th,T9,1
rest128th,articMarcatoAbove,1
rest128th,articStaccatissimoAbove,2
rest128th,articStaccatissimoBelow,1
rest128th,articStaccatoAbove,1
rest128th,articStaccatoBelow,1
rest128th,beam,55
rest128th,flag8thDown,3
rest128th,flag8thUp,1
rest128th,slur,1
rest128th,stem,77
rest128th,tie,5
rest16th,T12,2
rest16th,T13,2
rest16th,T16,6
rest16th,T17,1
rest16th,T24,1
rest16th,T26,1
rest16th,T28,8
rest16th,T29,4
rest16th,T3,339
rest16th,T5,12
rest16th,T6,70
rest16th,T7,6
rest16th,T9,20
rest16th,articAccentAbove,67
rest16th,articAccentBelow,48
rest16th,articMarcatoAbove,20
rest16th,articStaccatissimoAbove,26
rest16th,articStaccatissimoBelow,14
rest16th,articStaccatoAbove,294
rest16th,articStaccatoBelow,145
rest16th,articTenutoAbove,35
rest16th,articTenutoBelow,34
rest16th,beam,5435
rest16th,flag16thDown,27
rest16th,flag16thUp,22
rest16th,flag32ndDown,1
rest16th,flag8thDown,379
rest16th,flag8thUp,429
rest16th,slur,1436
rest16th,stem,8567
rest16th,tie,678
rest16th,tupletBracket,74
rest16th,tupletText,12
rest32nd,T10,2
rest32nd,T26,2
rest32nd,T3,116
rest32nd,T5,6
rest32nd,T6,3
rest32nd,T7,1
rest32nd,T9,8
rest32nd,articAccentAbove,24
rest32nd,articAccentBelow,9
rest32nd,articMarcatoAbove,4
rest32nd,articStaccatissimoAbove,15
rest32nd,articStaccatissimoBelow,5
rest32nd,articStaccatoAbove,80
rest32nd,articStaccatoBelow,40
rest32nd,articTenutoAbove,12
rest32nd,articTenutoBelow,18
rest32nd,beam,1464
rest32nd,flag16thDown,2
rest32nd,flag16thUp,3
rest32nd,flag32ndDown,1
rest32nd,flag32ndUp,1
rest32nd,flag8thDown,128
rest32nd,flag8thUp,116
rest32nd,slur,384
rest32nd,stem,2278
rest32nd,tie,142
rest32nd,tupletBracket,34
rest32nd,tupletText,4
rest8th,T10,23
rest8th,T11,9
rest8th,T12,1
rest8th,T13,6
rest8th,T16,5
rest8th,T17,4
rest8th,T18,2
rest8th,T2,4
rest8th,T20,1
rest8th,T28,4
rest8th,T29,2
rest8th,T3,979
rest8th,T30,2
rest8th,T5,22
rest8th,T6,179
rest8th,T7,13
rest8th,T9,68
rest8th,articAccentAbove,184
rest8th,articAccentBelow,113
rest8th,articMarcatoAbove,38
rest8th,articMarcatoBelow,3
rest8th,articStaccatissimoAbove,79
rest8th,articStaccatissimoBelow,23
rest8th,articStaccatoAbove,677
rest8th,articStaccatoBelow,471
rest8th,articTenutoAbove,75
rest8th,articTenutoBelow,139
rest8th,beam,14038
rest8th,flag16thDown,69
rest8th,flag16thUp,55
rest8th,flag32ndDown,5
rest8th,flag32ndUp,7
rest8th,flag8thDown,696
rest8th,flag8thUp,751
rest8th,slur,4630
rest8th,stem,21569
rest8th,tie,1526
rest8th,tupletBracket,342
rest8th,tupletText,120
restHalf,T10,1
restHalf,T2,3
restHalf,T3,68
restHalf,T4,4
restHalf,T6,7
restHalf,T7,1
restHalf,articAccentAbove,14
restHalf,articAccentBelow,6
restHalf,articStaccatissimoAbove,6
restHalf,articStaccatoAbove,54
restHalf,articStaccatoBelow,32
restHalf,articTenutoAbove,4
restHalf,articTenutoBelow,1
restHalf,beam,894
restHalf,flag16thDown,16
restHalf,flag16thUp,19
restHalf,flag32ndDown,1
restHalf,flag8thDown,48
restHalf,flag8thUp,71
restHalf,slur,260
restHalf,stem,1413
restHalf,tie,124
restHalf,tupletBracket,28
restHalf,tupletText,6
restQuarter,T10,1
restQuarter,T17,1
restQuarter,T18,2
restQuarter,T2,5
restQuarter,T3,392
restQuarter,T30,5
restQuarter,T5,6
restQuarter,T6,32
restQuarter,T7,13
restQuarter,T9,28
restQuarter,articAccentAbove,78
restQuarter,articAccentBelow,44
restQuarter,articMarcatoAbove,7
restQuarter,articMarcatoBelow,1
restQuarter,articStaccatissimoAbove,20
restQuarter,articStaccatissimoBelow,5
restQuarter,articStaccatoAbove,256
restQuarter,articStaccatoBelow,184
restQuarter,articTenutoAbove,38
restQuarter,articTenutoBelow,68
restQuarter,beam,5624
restQuarter,flag16thDown,35
restQuarter,flag16thUp,31
restQuarter,flag32ndDown,1
restQuarter,flag8thDown,274
restQuarter,flag8thUp,342
restQuarter,slur,1694
restQuarter,stem,8619
restQuarter,tie,692
restQuarter,tupletBracket,140
restQuarter,tupletText,29
restWhole,T10,2
restWhole,T17,6
restWhole,T2,10
restWhole,T28,11
restWhole,T3,947
restWhole,T30,1
restWhole,T4,24
restWhole,T5,18
restWhole,T6,113
restWhole,T7,20
restWhole,T9,84
restWhole,articAccentAbove,150
restWhole,articAccentBelow,77
restWhole,articMarcatoAbove,37
restWhole,articMarcatoBelow,2
restWhole,articStaccatissimoAbove,175
restWhole,articStaccatissimoBelow,80
restWhole,articStaccatoAbove,587
restWhole,articStaccatoBelow,367
restWhole,articTenutoAbove,53
restWhole,articTenutoBelow,66
restWhole,beam,11562
restWhole,flag16thDown,86
restWhole,flag16thUp,77
restWhole,flag32ndDown,4
restWhole,flag32ndUp,1
restWhole,flag8thDown,651
restWhole,flag8thUp,762
restWhole,slur,3332
restWhole,stem,17671
restWhole,tie,1558
restWhole,tupletBracket,354
restWhole,tupletText,51
sempre,beam,18
sempre,flag8thDown,1
sempre,slur,9
sempre,stem,21
sempre,tie,3
sempresim.,T3,5
sempresim.,articAccentBelow,1
sempresim.,articStaccatoAbove,1
sempresim.,beam,30
sempresim.,flag8thDown,3
sempresim.,flag8thUp,1
sempresim.,slur,10
sempresim.,stem,47
sempresim.,tie,2
sempresim.,tupletBracket,2
sim.,T3,1
sim.,beam,5
sim.,flag8thUp,1
sim.,slur,5
sim.,stem,10
sim.,tie,1
sim.,tupletText,1
slur,T10,8
slur,T11,3
slur,T3,506
slur,T30,4
slur,T5,5
slur,T6,87
slur,T7,4
slur,T9,25
slur,articAccentAbove,105
slur,articAccentBelow,72
slur,articMarcatoAbove,23
slur,articStaccatissimoAbove,57
slur,articStaccatissimoBelow,18
slur,articStaccatoAbove,460
slur,articStaccatoBelow,198
slur,articTenutoAbove,31
slur,articTenutoBelow,19
slur,beam,7084
slur,flag16thDown,45
slur,flag16thUp,33
slur,flag8thDown,314
slur,flag8thUp,389
slur,slur,2606
slur,stem,11197
slur,tie,829
slur,tupletBracket,144
slur,tupletText,63
stem,T10,52
stem,T11,35
stem,T12,33
stem,T13,34
stem,T16,15
stem,T17,54
stem,T18,36
stem,T2,27
stem,T20,32
stem,T22,18
stem,T24,9
stem,T25,36
stem,T26,3
stem,T28,52
stem,T29,6
stem,T3,10836
stem,T30,37
stem,T4,21
stem,T5,278
stem,T6,1473
stem,T7,166
stem,T8,19
stem,T9,444
stem,articAccentAbove,2012
stem,articAccentBelow,1251
stem,articMarcatoAbove,394
stem,articMarcatoBelow,39
stem,articStaccatissimoAbove,899
stem,articStaccatissimoBelow,343
stem,articStaccatoAbove,7065
stem,articStaccatoBelow,4754
stem,articTenutoAbove,828
stem,articTenutoBelow,914
stem,beam,140177
stem,flag16thDown,784
stem,flag16thUp,679
stem,flag32ndDown,28
stem,flag32ndUp,42
stem,flag64thDown,1
stem,flag8thDown,6977
stem,flag8thUp,8258
stem,slur,45928
stem,stem,215251
stem,tie,15653
stem,tupletBracket,3658
stem,tupletText,1223
sub.,T17,1
sub.,T3,3
sub.,articStaccatoAbove,1
sub.,articTenutoBelow,1
sub.,beam,30
sub.,flag8thDown,3
sub.,flag8thUp,7
sub.,slur,16
sub.,stem,61
sub.,tie,5
sub.,tupletBracket,2
systemicBarline,T10,2
systemicBarline,T3,89
systemicBarline,T30,2
systemicBarline,T5,2
systemicBarline,T6,17
systemicBarline,T7,2
systemicBarline,T9,6
systemicBarline,articAccentAbove,16
systemicBarline,articAccentBelow,9
systemicBarline,articMarcatoAbove,6
systemicBarline,articStaccatissimoAbove,7
systemicBarline,articStaccatissimoBelow,3
systemicBarline,articStaccatoAbove,81
systemicBarline,articStaccatoBelow,51
systemicBarline,articTenutoAbove,6
systemicBarline,articTenutoBelow,6
systemicBarline,beam,1330
systemicBarline,flag16thDown,9
systemicBarline,flag16thUp,10
systemicBarline,flag8thDown,65
systemicBarline,flag8thUp,64
systemicBarline,slur,421
systemicBarline,stem,2037
systemicBarline,tie,145
systemicBarline,tupletBracket,32
systemicBarline,tupletText,12
tie,T10,8
tie,T3,576
tie,T30,25
tie,T5,5
tie,T6,140
tie,T7,12
tie,T9,29
tie,articAccentAbove,135
tie,articAccentBelow,55
tie,articMarcatoAbove,33
tie,articMarcatoBelow,1
tie,articStaccatissimoAbove,29
tie,articStaccatissimoBelow,27
tie,articStaccatoAbove,416
tie,articStaccatoBelow,272
tie,articTenutoAbove,56
tie,articTenutoBelow,36
tie,beam,7633
tie,flag16thDown,36
tie,flag16thUp,25
tie,flag32ndUp,1
tie,flag8thDown,310
tie,flag8thUp,322
tie,slur,2249
tie,stem,11354
tie,tie,599
tie,tupletBracket,154
tie,tupletText,61
timeSig1,T3,1
timeSig1,T6,2
timeSig1,articMarcatoBelow,1
timeSig1,articStaccatoBelow,1
timeSig1,articTenutoAbove,1
timeSig1,beam,30
timeSig1,flag16thDown,1
timeSig1,flag8thDown,3
timeSig1,flag8thUp,1
timeSig1,slur,17
timeSig1,stem,48
timeSig1,tie,2
timeSig1,tupletText,1
timeSig2,T3,46
timeSig2,T6,10
timeSig2,articAccentAbove,5
timeSig2,articAccentBelow,1
timeSig2,articMarcatoAbove,3
timeSig2,articMarcatoBelow,1
timeSig2,articStaccatissimoAbove,2
timeSig2,articStaccatoAbove,26
timeSig2,articStaccatoBelow,13
timeSig2,articTenutoAbove,2
timeSig2,articTenutoBelow,1
timeSig2,beam,440
timeSig2,flag16thDown,1
timeSig2,flag16thUp,1
timeSig2,flag8thDown,26
timeSig2,flag8thUp,43
timeSig2,slur,180
timeSig2,stem,700
timeSig2,tie,35
timeSig2,tupletBracket,10
timeSig2,tupletText,13
timeSig3,T18,1
timeSig3,T3,29
timeSig3,T5,1
timeSig3,T6,3
timeSig3,T9,1
timeSig3,articAccentAbove,3
timeSig3,articAccentBelow,3
timeSig3,articMarcatoAbove,2
timeSig3,articStaccatissimoAbove,3
timeSig3,articStaccatoAbove,27
timeSig3,articStaccatoBelow,12
timeSig3,articTenutoBelow,3
timeSig3,beam,343
timeSig3,flag16thDown,2
timeSig3,flag16thUp,1
timeSig3,flag8thDown,13
timeSig3,flag8thUp,13
timeSig3,slur,120
timeSig3,stem,499
timeSig3,tie,27
timeSig3,tupletBracket,10
timeSig3,tupletText,4
timeSig4,T3,62
timeSig4,T5,2
timeSig4,T6,5
timeSig4,T9,1
timeSig4,articAccentAbove,3
timeSig4,articAccentBelow,3
timeSig4,articMarcatoAbove,1
timeSig4,articMarcatoBelow,1
timeSig4,articStaccatissimoAbove,5
timeSig4,articStaccatoAbove,36
timeSig4,articStaccatoBelow,14
timeSig4,articTenutoAbove,2
timeSig4,articTenutoBelow,1
timeSig4,beam,644
timeSig4,flag16thDown,3
timeSig4,flag16thUp,2
timeSig4,flag8thDown,33
timeSig4,flag8thUp,52
timeSig4,slur,232
timeSig4,stem,994
timeSig4,tie,82
timeSig4,tupletBracket,16
timeSig4,tupletText,14
timeSig5,articStaccatoAbove,1
timeSig5,beam,7
timeSig5,flag8thUp,1
timeSig5,stem,9
timeSig5,tie,2
timeSig6,T3,7
timeSig6,T6,2
timeSig6,articAccentAbove,1
timeSig6,articAccentBelow,3
timeSig6,articStaccatoAbove,5
timeSig6,articStaccatoBelow,7
timeSig6,articTenutoAbove,1
timeSig6,articTenutoBelow,2
timeSig6,beam,97
timeSig6,flag16thDown,1
timeSig6,flag16thUp,5
timeSig6,flag8thDown,4
timeSig6,flag8thUp,3
timeSig6,slur,20
timeSig6,stem,149
timeSig6,tie,15
timeSig6,tupletText,1
timeSig8,T18,1
timeSig8,T3,25
timeSig8,T6,3
timeSig8,articAccentAbove,6
timeSig8,articAccentBelow,3
timeSig8,articMarcatoAbove,1
timeSig8,articStaccatoAbove,27
timeSig8,articStaccatoBelow,18
timeSig8,articTenutoAbove,2
timeSig8,articTenutoBelow,4
timeSig8,beam,259
timeSig8,flag16thUp,2
timeSig8,flag8thDown,13
timeSig8,flag8thUp,11
timeSig8,slur,77
timeSig8,stem,406
timeSig8,tie,25
timeSig8,tupletBracket,22
timeSig8,tupletText,9
timeSig9,T3,3
timeSig9,beam,10
timeSig9,flag8thDown,3
timeSig9,slur,2
timeSig9,stem,21
timeSigCommon,T3,7
timeSigCommon,T6,4
timeSigCommon,articAccentAbove,1
timeSigCommon,articAccentBelow,1
timeSigCommon,articStaccatissimoAbove,7
timeSigCommon,articStaccatissimoBelow,3
timeSigCommon,articStaccatoAbove,3
timeSigCommon,articStaccatoBelow,2
timeSigCommon,beam,102
timeSigCommon,flag8thDown,4
timeSigCommon,flag8thUp,2
timeSigCommon,slur,27
timeSigCommon,stem,150
timeSigCommon,tie,11
tupletBracket,T22,1
tupletBracket,T3,211
tupletBracket,T5,6
tupletBracket,T6,10
tupletBracket,T7,7
tupletBracket,T9,9
tupletBracket,articAccentAbove,33
tupletBracket,articAccentBelow,7
tupletBracket,articMarcatoAbove,5
tupletBracket,articStaccatissimoAbove,9
tupletBracket,articStaccatissimoBelow,1
tupletBracket,articStaccatoAbove,106
tupletBracket,articStaccatoBelow,41
tupletBracket,articTenutoAbove,3
tupletBracket,articTenutoBelow,9
tupletBracket,beam,2112
tupletBracket,flag16thDown,3
tupletBracket,flag16thUp,6
tupletBracket,flag8thDown,107
tupletBracket,flag8thUp,88
tupletBracket,slur,534
tupletBracket,stem,3222
tupletBracket,tie,226
tupletBracket,tupletBracket,22
tupletBracket,tupletText,9
unpitchedPercussionClef1,T3,49
unpitchedPercussionClef1,T5,2
unpitchedPercussionClef1,T6,12
unpitchedPercussionClef1,T7,3
unpitchedPercussionClef1,T9,4
unpitchedPercussionClef1,articAccentAbove,13
unpitchedPercussionClef1,articAccentBelow,1
unpitchedPercussionClef1,articMarcatoAbove,10
unpitchedPercussionClef1,articStaccatissimoAbove,1
unpitchedPercussionClef1,articStaccatissimoBelow,3
unpitchedPercussionClef1,articStaccatoAbove,25
unpitchedPercussionClef1,articStaccatoBelow,15
unpitchedPercussionClef1,articTenutoAbove,4
unpitchedPercussionClef1,articTenutoBelow,2
unpitchedPercussionClef1,beam,576
unpitchedPercussionClef1,flag16thDown,12
unpitchedPercussionClef1,flag16thUp,4
unpitchedPercussionClef1,flag8thDown,33
unpitchedPercussionClef1,flag8thUp,35
unpitchedPercussionClef1,slur,184
unpitchedPercussionClef1,stem,902
unpitchedPercussionClef1,tie,99
unpitchedPercussionClef1,tupletBracket,14
wiggleTrill,T3,165
wiggleTrill,T5,23
wiggleTrill,articAccentAbove,25
wiggleTrill,articAccentBelow,2
wiggleTrill,articStaccatissimoAbove,47
wiggleTrill,articStaccatissimoBelow,4
wiggleTrill,articStaccatoAbove,39
wiggleTrill,articStaccatoBelow,37
wiggleTrill,articTenutoBelow,5
wiggleTrill,beam,1524
wiggleTrill,flag16thDown,1
wiggleTrill,flag16thUp,6
wiggleTrill,flag8thDown,54
wiggleTrill,flag8thUp,97
wiggleTrill,slur,581
wiggleTrill,stem,2516
wiggleTrill,tie,258
wiggleTrill,tupletBracket,12
wiggleTrill,tupletText,16
